{"mean":{"confidence_interval":{"confidence_level":0.95,"lower_bound":10.989956840269638,"upper_bound":11.646248666749521},"point_estimate":11.307068135646253,"standard_error":0.16813870799828864},"median":{"confidence_interval":{"confidence_level":0.95,"lower_bound":10.334303321573094,"upper_bound":10.527426466878108},"point_estimate":10.43091343993412,"standard_error":0.050360847407137935},"median_abs_dev":{"confidence_interval":{"confidence_level":0.95,"lower_bound":0.2487705076796878,"upper_bound":0.5771606934870397},"point_estimate":0.38049420607821616,"standard_error":0.08611690045067727},"slope":{"confidence_interval":{"confidence_level":0.95,"lower_bound":10.446152449894806,"upper_bound":10.909521083649542},"point_estimate":10.65045442426415,"standard_error":0.11908042925209286},"std_dev":{"confidence_interval":{"confidence_level":0.95,"lower_bound":1.3553066791526691,"upper_bound":2.008220718531304},"point_estimate":1.6847468302063706,"standard_error":0.1692633285014007}}