{"mean":{"confidence_interval":{"confidence_level":0.95,"lower_bound":-0.04148343262852087,"upper_bound":0.014198905552027415},"point_estimate":-0.014304832421201508,"standard_error":0.0142069778781392},"median":{"confidence_interval":{"confidence_level":0.95,"lower_bound":-0.020895435696809364,"upper_bound":-0.0010930440357641569},"point_estimate":-0.010579498029347767,"standard_error":0.00510388587272076}}