{"mean":{"confidence_interval":{"confidence_level":0.95,"lower_bound":-0.31375278844632204,"upper_bound":-0.26166717211869395},"point_estimate":-0.28843072085471366,"standard_error":0.013334412853717838},"median":{"confidence_interval":{"confidence_level":0.95,"lower_bound":-0.3663700887100054,"upper_bound":-0.21315909252078546},"point_estimate":-0.23908444033379073,"standard_error":0.04834885769726464}}