{"mean":{"confidence_interval":{"confidence_level":0.95,"lower_bound":-0.2417515002414633,"upper_bound":-0.1879576175810084},"point_estimate":-0.21572256694754743,"standard_error":0.013739992068315606},"median":{"confidence_interval":{"confidence_level":0.95,"lower_bound":-0.27861418721895514,"upper_bound":-0.2706887440987468},"point_estimate":-0.2741191482497837,"standard_error":0.0020699022300149955}}