{"mean":{"confidence_interval":{"confidence_level":0.95,"lower_bound":10.547345411194806,"upper_bound":10.976076972195205},"point_estimate":10.750853171803358,"standard_error":0.10937174457891553},"median":{"confidence_interval":{"confidence_level":0.95,"lower_bound":10.250455703499316,"upper_bound":10.410061737725123},"point_estimate":10.319070439003148,"standard_error":0.040606308517106685},"median_abs_dev":{"confidence_interval":{"confidence_level":0.95,"lower_bound":0.23115718369756597,"upper_bound":0.4595297295974637},"point_estimate":0.31873719653497995,"standard_error":0.059937474912804246},"slope":{"confidence_interval":{"confidence_level":0.95,"lower_bound":10.336692404924033,"upper_bound":10.589516856183915},"point_estimate":10.449653514098914,"standard_error":0.06439794332855175},"std_dev":{"confidence_interval":{"confidence_level":0.95,"lower_bound":0.8129305330762644,"upper_bound":1.3198366077169725},"point_estimate":1.0961664077823932,"standard_error":0.12925346605890312}}