{"mean":{"confidence_interval":{"confidence_level":0.95,"lower_bound":-0.23752211268332374,"upper_bound":-0.18160826713701772},"point_estimate":-0.21060912718770264,"standard_error":0.01429463771024362},"median":{"confidence_interval":{"confidence_level":0.95,"lower_bound":-0.27480231733064253,"upper_bound":-0.2607043518690586},"point_estimate":-0.26802522463728007,"standard_error":0.0036082065003356953}}