{"mean":{"confidence_interval":{"confidence_level":0.95,"lower_bound":-0.11101816451125586,"upper_bound":-0.05065516100332577},"point_estimate":-0.08132323897859173,"standard_error":0.01550826078195212},"median":{"confidence_interval":{"confidence_level":0.95,"lower_bound":-0.1156083978710658,"upper_bound":-0.024537990454606133},"point_estimate":-0.03937498966018471,"standard_error":0.0239158689120606}}