{"mean":{"confidence_interval":{"confidence_level":0.95,"lower_bound":-0.03653332268848193,"upper_bound":0.03520469229292059},"point_estimate":-0.0015373537452246788,"standard_error":0.018236136857259392},"median":{"confidence_interval":{"confidence_level":0.95,"lower_bound":-0.018637215635146864,"upper_bound":0.0036843823211261117},"point_estimate":-0.004479374826098725,"standard_error":0.005924194992631427}}