{"mean":{"confidence_interval":{"confidence_level":0.95,"lower_bound":-0.25693976086359277,"upper_bound":-0.22267662593811485},"point_estimate":-0.2410790868986894,"standard_error":0.008842109476316855},"median":{"confidence_interval":{"confidence_level":0.95,"lower_bound":-0.2810165709665243,"upper_bound":-0.2748539797829741},"point_estimate":-0.278518033715749,"standard_error":0.001531831712507114}}