{"mean":{"confidence_interval":{"confidence_level":0.95,"lower_bound":-0.14496525180045267,"upper_bound":-0.06275166932480665},"point_estimate":-0.10388009118862673,"standard_error":0.020934515514568108},"median":{"confidence_interval":{"confidence_level":0.95,"lower_bound":-0.20807495518089547,"upper_bound":-0.028624215983184986},"point_estimate":-0.06843957696175806,"standard_error":0.04524825887399761}}