{"mean":{"confidence_interval":{"confidence_level":0.95,"lower_bound":-0.17954157934346252,"upper_bound":-0.0920344924262476},"point_estimate":-0.13371246590509844,"standard_error":0.022140264483746234},"median":{"confidence_interval":{"confidence_level":0.95,"lower_bound":-0.2790938658802714,"upper_bound":-0.032303204458529744},"point_estimate":-0.2660276683196735,"standard_error":0.06172544883364156}}