{"mean":{"confidence_interval":{"confidence_level":0.95,"lower_bound":-0.008538135259183566,"upper_bound":0.0628133774853085},"point_estimate":0.02689528839033728,"standard_error":0.018273533605894357},"median":{"confidence_interval":{"confidence_level":0.95,"lower_bound":-0.017896663322171213,"upper_bound":0.00643356597386413},"point_estimate":-0.004205459994828464,"standard_error":0.006135302950851905}}